568,1,1,1,-0.819048264,0,0,1,0
2381,1,0,1,0.801231608,0,0,0,1
2909,1,0,1,-0.524451924,1,0,0,0
3367,1,1,1,0.703032828,1,0,0,0
4544,1,0,1,-0.426253144,1,0,0,0
5177,0,1,1,-0.131656803,1,0,0,0
5371,1,0,1,0.457535877,0,0,0,1
5741,1,1,1,0.212038927,0,0,0,1
6011,1,1,1,0.408436487,1,0,0,0
6114,1,0,1,0.653933437,0,0,0,1
6139,1,1,1,0.310237707,1,0,0,0
7592,1,0,1,0.261138317,0,1,0,0
8095,1,0,1,0.506635267,1,0,0,0
8981,1,0,1,0.506635267,0,0,0,1
12206,1,1,1,-0.769948874,1,0,0,0
13143,1,0,1,0.457535877,0,0,0,1
13969,1,0,1,-0.377153753,1,0,0,0
14790,1,1,1,0.703032828,1,0,0,0
16190,1,1,1,-0.524451924,0,1,0,0
16475,1,0,1,0.113840147,0,1,0,0
16920,1,1,1,0.948529778,0,0,0,1
17930,1,1,1,0.261138317,1,0,0,0
19795,1,0,1,-0.131656803,1,0,0,0
20368,0,0,0,-1.555539115,0,0,1,0
20916,1,0,1,0.555734657,1,0,0,0
23328,0,1,1,-0.328054363,0,1,0,0
24043,1,1,1,-0.229855583,1,0,0,0
24405,1,0,1,0.212038927,1,0,0,0
25092,1,0,1,0.408436487,1,0,0,0
25151,1,1,1,-0.426253144,1,0,0,0
25340,1,1,1,0.555734657,0,0,0,1
26391,1,0,1,0.064740757,1,0,0,0
29212,1,0,1,-0.131656803,1,0,0,0
29573,1,1,1,0.948529778,0,0,0,1
29846,1,1,1,0.604834047,1,0,0,0
30923,1,1,1,0.457535877,1,0,0,0
32709,1,0,1,-0.622650704,1,0,0,0
34047,1,1,1,0.261138317,0,0,0,1
34272,1,0,1,0.850330998,0,0,0,1
35198,1,1,1,0.212038927,0,0,0,1
36460,1,0,1,0.261138317,1,0,0,0
37916,1,0,1,0.752132218,1,0,0,0
39332,1,0,1,-0.426253144,1,0,0,0
40286,1,1,0,-1.064545214,0,0,1,0
42488,1,0,1,0.064740757,1,0,0,0
42684,1,1,1,-0.033458023,0,1,0,0
44468,1,0,1,0.604834047,1,0,0,0
44595,1,1,1,-0.868147654,0,0,0,1
45563,1,0,1,0.113840147,1,0,0,0
47081,1,0,1,-0.377153753,1,0,0,0
47719,1,1,1,0.261138317,1,0,0,0
48458,1,1,1,0.359337097,0,0,0,1
50595,1,0,1,-0.573551314,1,0,0,0
51809,1,1,1,0.015641367,1,0,0,0
53094,1,1,1,-0.475352534,1,0,0,0
53406,1,1,1,-0.377153753,1,0,0,0
53947,1,1,1,0.064740757,1,0,0,0
54086,1,1,1,0.310237707,1,0,0,0
54409,1,1,1,0.850330998,1,0,0,0
54482,1,0,1,0.162939537,0,0,0,1
54644,1,1,1,-0.475352534,1,0,0,0
54791,1,0,1,0.948529778,0,0,0,1
55722,0,1,1,-0.720849484,1,0,0,0
56821,1,0,1,0.359337097,0,1,0,0
58529,1,1,1,0.359337097,1,0,0,0
63563,1,1,1,0.653933437,1,0,0,0
63665,1,1,1,0.653933437,1,0,0,0
65275,1,0,1,0.162939537,1,0,0,0
65822,1,0,1,0.506635267,0,0,0,1
66184,1,1,1,-0.426253144,1,0,0,0
68726,1,0,1,-0.278954973,1,0,0,0
69558,1,0,1,0.359337097,1,0,0,0
70539,1,0,1,0.359337097,0,0,0,1
74531,1,1,1,0.113840147,1,0,0,0
74979,1,1,1,0.703032828,1,0,0,0
75747,1,1,1,-0.082557413,1,0,0,0
76447,1,0,1,-0.082557413,1,0,0,0
77651,1,0,1,0.604834047,0,0,0,1
78209,1,1,1,-0.377153753,1,0,0,0
78229,1,1,1,0.408436487,1,0,0,0
81794,1,0,1,0.604834047,1,0,0,0
82081,1,1,1,-0.622650704,1,0,0,0
82179,1,1,1,-1.064545214,1,0,0,0
82336,0,1,1,-3.568614107,0,0,0,0
83147,1,0,1,0.850330998,1,0,0,0
83844,1,1,1,0.212038927,0,0,0,1
85302,1,1,1,0.015641367,0,0,0,1
86291,1,1,1,0.408436487,1,0,0,0
87231,1,1,1,-0.033458023,1,0,0,0
92130,1,0,1,-0.229855583,1,0,0,0
92939,1,1,1,0.212038927,1,0,0,0
94548,1,0,1,0.899430388,1,0,0,0
95141,1,0,1,0.752132218,1,0,0,0
96048,1,0,1,0.015641367,1,0,0,0
98217,1,0,1,0.113840147,1,0,0,0
98647,1,0,1,0.359337097,1,0,0,0
101055,1,0,1,0.408436487,0,0,0,1
101064,1,1,1,0.359337097,1,0,0,0
101934,1,1,1,-0.082557413,1,0,0,0
103243,1,1,1,-0.524451924,1,0,0,0
103864,1,1,1,0.113840147,1,0,0,0
104363,1,1,1,-0.573551314,1,0,0,0
104708,1,1,1,-0.475352534,1,0,0,0
104734,1,0,1,0.506635267,0,0,0,1
105513,1,0,1,0.359337097,1,0,0,0
106764,1,1,1,0.653933437,1,0,0,0
107995,1,0,1,0.752132218,0,0,1,0
110719,1,1,1,0.408436487,1,0,0,0
112201,1,0,1,-0.131656803,1,0,0,0
112914,1,1,1,-0.229855583,0,1,0,0
112933,1,0,1,0.212038927,1,0,0,0
113123,1,0,1,0.997629168,1,0,0,0
113631,1,1,1,0.015641367,1,0,0,0
114938,1,1,1,-0.278954973,1,0,0,0
115301,1,1,1,0.408436487,1,0,0,0
115401,1,1,1,-0.278954973,1,0,0,0
115687,1,1,1,0.212038927,1,0,0,0
115736,1,1,1,0.261138317,1,0,0,0
115830,1,1,1,0.113840147,1,0,0,0
116608,0,1,1,0.113840147,1,0,0,0
116946,1,1,1,0.850330998,1,0,0,0
117411,1,0,1,0.899430388,1,0,0,0
121314,1,0,1,0.506635267,1,0,0,0
121585,1,1,1,0.850330998,1,0,0,0
121674,1,1,1,0.359337097,0,0,0,1
122694,1,0,1,0.457535877,1,0,0,0
122749,1,0,1,0.162939537,1,0,0,0
124398,1,1,1,-0.131656803,0,0,0,1
124854,1,1,1,0.162939537,1,0,0,0
125420,1,1,1,0.997629168,1,0,0,0
125526,1,1,1,0.408436487,1,0,0,0
126035,1,1,1,0.113840147,1,0,0,0
127264,1,0,1,-3.568614107,0,0,0,0
127732,1,1,1,0.408436487,1,0,0,0
129448,1,1,1,0.457535877,1,0,0,0
130011,1,1,1,0.703032828,1,0,0,0
131213,1,0,1,-0.033458023,1,0,0,0
134960,1,0,1,-3.568614107,0,0,0,0
135100,1,1,0,-1.948334235,0,0,1,0
135985,1,0,1,0.359337097,1,0,0,0
136151,1,1,1,0.604834047,0,0,0,1
137049,1,0,1,-0.720849484,1,0,0,0
137231,1,1,0,-1.408240944,0,0,1,0
138931,0,0,1,-0.229855583,0,0,1,0
139931,1,1,1,0.261138317,1,0,0,0
141531,0,0,1,-3.568614107,0,0,0,0
145373,1,1,1,0.359337097,1,0,0,0
147283,1,1,1,0.653933437,0,0,0,1
149450,1,1,1,0.015641367,1,0,0,0
152123,1,1,1,-0.475352534,1,0,0,0
157463,1,1,1,-0.082557413,1,0,0,0
157830,1,0,1,0.457535877,0,0,0,1
159695,1,1,1,-0.033458023,0,0,0,1
163327,1,0,1,0.212038927,0,1,0,0
165284,1,1,1,0.064740757,0,0,0,1
165393,1,1,1,0.064740757,1,0,0,0
165979,1,0,1,0.801231608,1,0,0,0
166835,1,1,1,0.653933437,1,0,0,0
167269,1,1,1,-0.082557413,1,0,0,0
167875,1,0,1,0.703032828,1,0,0,0
168072,0,0,1,-0.622650704,1,0,0,0
168813,1,1,1,-0.328054363,1,0,0,0
169078,1,1,1,0.064740757,0,0,0,1
169382,1,1,1,0.113840147,1,0,0,0
169488,1,0,1,0.506635267,1,0,0,0
169664,1,0,1,0.162939537,1,0,0,0
170086,1,0,1,0.604834047,1,0,0,0
171376,1,0,1,0.899430388,1,0,0,0
173720,1,0,1,0.703032828,0,0,0,1
174009,1,0,1,0.408436487,1,0,0,0
174031,1,0,1,0.359337097,1,0,0,0
175030,1,1,1,0.457535877,1,0,0,0
175684,0,0,1,-0.033458023,0,0,1,0
177868,1,0,1,0.212038927,1,0,0,0
178318,1,1,1,-3.568614107,0,0,0,0
178748,1,1,1,0.752132218,0,0,0,1
180587,1,0,1,0.653933437,1,0,0,0
181142,1,1,1,-3.568614107,0,0,0,0
181450,1,0,1,0.408436487,0,0,0,1
182132,1,0,1,0.261138317,1,0,0,0
182171,1,0,1,0.850330998,0,0,0,1
182676,1,1,1,0.752132218,1,0,0,0
183316,1,1,1,0.506635267,0,0,1,0
183692,1,1,1,-0.033458023,0,0,1,0
184318,1,1,1,-0.033458023,1,0,0,0
186185,0,0,1,-0.131656803,1,0,0,0
186512,1,0,1,1.046728558,0,0,0,1
186940,1,1,1,0.899430388,1,0,0,0
187364,1,0,1,0.653933437,0,0,0,1
187427,1,1,1,0.212038927,1,0,0,0
188210,1,0,1,-0.720849484,0,1,0,0
190632,1,1,1,0.113840147,1,0,0,0
191565,1,0,1,-0.033458023,1,0,0,0
192270,1,0,1,0.604834047,0,0,0,1
194649,1,1,1,-0.278954973,0,1,0,0
194768,0,0,1,-3.568614107,0,0,0,0
197035,1,1,1,0.359337097,1,0,0,0
198925,1,1,1,-0.377153753,0,1,0,0
198974,1,1,1,-0.524451924,1,0,0,0
199142,1,1,1,0.703032828,1,0,0,0
199495,1,0,1,0.899430388,1,0,0,0
200516,1,1,1,0.261138317,0,0,0,1
200755,1,0,1,0.948529778,0,0,0,1
202865,1,1,1,0.555734657,0,0,0,1
203569,1,1,1,-0.819048264,1,0,0,0
203603,1,1,1,0.408436487,0,0,0,1
204298,1,1,1,0.850330998,1,0,0,0
205185,1,0,0,-0.524451924,1,0,1,0
208821,0,1,1,-3.568614107,0,0,0,0
208885,1,1,1,-0.278954973,0,1,0,0
209818,1,1,1,0.212038927,1,0,0,0
214495,1,0,1,0.457535877,1,0,0,0
214792,1,0,1,0.212038927,1,0,0,0
215291,1,0,1,1.095827948,1,0,0,0
215380,1,1,1,-0.131656803,0,1,0,0
216760,1,0,1,0.604834047,1,0,0,0
217084,1,1,1,0.506635267,1,0,0,0
217596,1,0,1,0.506635267,0,0,0,1
218141,1,1,1,0.506635267,1,0,0,0
218196,1,1,1,0.212038927,0,0,0,1
218375,0,0,1,-0.377153753,0,1,0,0
222526,1,1,1,0.359337097,0,1,0,0
222777,1,0,1,0.752132218,1,0,0,0
227746,1,0,1,-0.082557413,1,0,0,0
228148,1,0,1,0.899430388,0,0,0,1
229317,1,1,1,-0.131656803,1,0,0,0
229771,1,0,1,0.408436487,1,0,0,0
231322,1,0,1,0.850330998,0,0,0,1
231788,1,0,1,0.261138317,1,0,0,0
232977,0,1,0,-0.868147654,0,0,1,0
234462,1,0,1,0.653933437,1,0,0,0
234555,1,0,1,1.194026728,1,0,0,0
237387,1,1,1,-0.131656803,1,0,0,0
238066,0,1,1,-3.568614107,0,0,0,0
239357,1,1,1,0.015641367,1,0,0,0
240901,1,1,1,-0.131656803,1,0,0,0
241635,0,1,1,0.113840147,0,1,0,0
242161,1,0,1,0.212038927,0,1,0,0
245572,1,0,1,0.457535877,1,0,0,0
246307,1,0,1,0.359337097,1,0,0,0
247421,1,0,1,0.555734657,0,0,0,1
249675,1,1,1,0.555734657,0,0,0,1
252069,1,0,1,0.948529778,1,0,0,0
252107,1,0,1,0.850330998,1,0,0,0
253063,1,0,1,0.506635267,1,0,0,0
253320,1,0,1,0.261138317,0,0,0,1
255381,1,0,1,-3.568614107,0,0,0,0
256493,1,1,1,0.113840147,1,0,0,0
256915,1,0,1,1.144927338,1,0,0,0
256921,1,1,1,-0.377153753,0,1,0,0
257304,1,0,1,0.850330998,0,0,0,1
257793,1,0,1,0.359337097,1,0,0,0
259961,1,0,1,0.752132218,0,1,0,0
260983,1,0,1,0.359337097,1,0,0,0
261671,0,1,1,-0.082557413,1,0,0,0
261922,1,0,1,0.899430388,1,0,0,0
262711,1,1,1,0.899430388,0,0,0,1
263123,1,1,1,-1.751936675,1,1,0,0
263293,1,1,1,0.212038927,1,0,0,0
263567,1,0,1,0.752132218,1,0,0,0
264148,1,1,1,0.850330998,0,0,0,1
265306,1,0,1,0.261138317,1,0,0,0
265845,0,1,1,-0.377153753,0,0,0,1
266325,1,1,1,0.850330998,1,0,0,0
266622,1,0,1,0.653933437,1,0,0,0
268054,1,0,1,0.506635267,1,0,0,0
268617,1,0,1,0.310237707,0,0,0,1
269143,1,1,1,-0.573551314,1,0,0,0
269243,1,0,1,1.046728558,1,0,0,0
269746,1,0,1,0.457535877,0,0,0,1
270719,1,0,1,0.948529778,1,0,0,0
271327,1,0,0,-0.819048264,1,0,1,0
272145,1,0,1,0.604834047,0,0,0,1
274223,1,1,1,-0.033458023,0,1,0,0
275350,1,1,1,0.015641367,0,1,0,0
278456,1,0,1,0.261138317,0,0,0,1
279861,1,1,1,-0.377153753,1,0,0,0
280763,1,1,1,-0.328054363,1,0,0,0
282737,1,0,1,0.653933437,0,0,0,1
283318,1,0,1,0.752132218,0,0,0,1
283415,0,1,1,-0.917247044,1,0,0,0
283620,1,0,1,0.604834047,0,0,0,1
287857,1,0,1,0.261138317,1,0,0,0
288813,1,1,1,-0.622650704,1,0,0,0
289317,1,0,1,0.506635267,1,0,0,0
289533,1,1,1,-0.278954973,0,1,0,0
290232,1,1,1,-0.573551314,1,0,0,0
292492,1,1,1,-0.377153753,1,0,0,0
293913,1,1,1,-0.377153753,1,0,0,0
294998,0,0,1,-3.568614107,0,0,0,0
295451,1,1,1,0.555734657,1,0,0,0
295478,1,0,1,0.162939537,1,0,0,0
296055,1,0,1,1.243126118,1,0,0,0
298040,1,1,1,0.162939537,1,0,0,0
298054,1,1,1,0.604834047,1,0,0,0
298814,1,0,1,0.359337097,1,0,0,0
300163,1,0,1,0.015641367,1,0,0,0
301677,1,1,1,0.457535877,1,0,0,0
301770,1,1,1,0.113840147,1,0,0,0
306779,1,1,1,0.752132218,1,0,0,0
309382,1,1,1,0.310237707,0,0,0,1
309630,1,1,1,-0.278954973,1,0,0,0
312583,1,0,1,0.997629168,0,0,0,1
313118,1,1,1,0.113840147,0,1,0,0
313182,0,0,1,-0.819048264,0,1,0,0
314328,1,1,1,0.261138317,1,0,0,0
315094,1,0,1,-0.229855583,1,0,0,0
316324,1,1,1,0.212038927,0,0,0,1
316423,0,0,1,-3.568614107,0,0,0,0
316794,1,1,1,0.261138317,1,0,0,0
316880,0,0,1,-3.568614107,0,0,0,0
317077,1,0,1,0.113840147,1,0,0,0
317692,1,0,1,0.359337097,1,0,0,0
319197,1,1,1,0.752132218,0,0,0,1
319234,1,1,1,0.997629168,1,0,0,0
319653,1,0,1,0.212038927,1,0,0,0
321020,1,0,1,0.653933437,1,0,0,0
321716,1,1,1,0.850330998,1,0,0,0
322577,1,0,1,-0.033458023,1,0,0,0
324791,1,0,1,-0.377153753,1,0,0,0
324836,0,0,1,-0.819048264,1,0,0,0
325148,1,1,1,0.359337097,0,0,0,1
329952,1,0,1,-0.180756193,1,0,0,0
330150,1,0,1,0.359337097,0,0,0,1
333836,1,1,1,0.359337097,1,0,0,0
334089,1,1,1,0.113840147,1,0,0,0
335654,1,1,1,0.015641367,1,0,0,0
336721,1,1,0,-1.751936675,0,0,1,0
336945,1,0,1,0.752132218,0,0,0,1
337230,1,0,1,0.162939537,1,0,0,0
338231,1,1,1,0.261138317,0,1,0,0
338338,1,1,1,-0.622650704,1,0,0,0
338397,0,1,1,0.162939537,0,1,0,0
339509,1,0,1,0.801231608,0,0,0,1
339730,1,0,1,0.261138317,0,0,0,1
340185,1,1,1,-0.033458023,0,1,0,0
340643,1,1,1,0.604834047,1,0,0,0
342623,1,1,1,0.015641367,1,0,0,0
343275,1,1,1,0.850330998,1,0,0,0
344022,1,1,1,-0.131656803,1,0,0,0
344278,1,1,1,-0.131656803,0,0,0,1
344955,1,1,1,0.212038927,1,0,0,0
345788,1,0,1,0.408436487,0,0,0,1
346037,1,0,1,0.555734657,1,0,0,0
346199,1,0,1,0.261138317,1,0,0,0
346274,1,1,1,0.653933437,1,0,0,0
346475,1,0,1,0.604834047,0,0,0,1
346621,1,1,1,0.064740757,1,0,0,0
351228,1,0,1,0.457535877,1,0,0,0
351250,1,1,1,0.113840147,1,0,0,0
352528,0,0,1,-0.229855583,0,0,1,0
353741,1,1,1,0.506635267,1,0,0,0
358911,1,1,1,0.555734657,1,0,0,0
359342,0,1,1,-3.568614107,0,0,0,0
360899,1,0,1,-0.524451924,1,0,0,0
361003,1,0,1,0.703032828,1,0,0,0
365980,0,0,1,-3.568614107,0,0,0,0
366060,1,1,1,-0.082557413,1,0,0,0
367105,1,0,1,0.408436487,1,0,0,0
369559,1,1,1,0.752132218,0,0,0,1
369753,1,0,1,0.408436487,1,0,0,0
371105,1,0,1,0.899430388,1,0,0,0
371597,0,1,1,-0.622650704,0,1,0,0
373637,1,0,1,0.752132218,0,0,0,1
374015,1,0,1,1.243126118,1,0,0,0
374748,1,1,1,0.408436487,1,0,0,0
377131,1,0,1,0.261138317,1,0,0,0
377767,1,0,1,0.457535877,0,0,0,1
379930,1,1,1,0.653933437,1,0,0,0
380109,1,1,1,-0.377153753,1,0,0,0
380417,1,0,1,0.457535877,1,0,0,0
381080,0,1,1,-3.568614107,0,0,0,0
381904,1,1,1,0.457535877,1,0,0,0
382468,1,0,1,-3.568614107,0,0,0,0
382714,1,0,1,0.212038927,1,0,0,0
384700,1,1,1,0.162939537,0,0,0,1
385017,1,1,1,0.850330998,0,0,0,1
385288,1,0,1,0.457535877,1,0,0,0
385511,1,0,1,0.899430388,0,0,0,1
387879,1,0,1,0.752132218,0,0,0,1
388368,1,1,1,0.948529778,0,0,0,1
388817,1,0,1,0.604834047,1,0,0,0
389333,1,0,1,0.212038927,1,0,0,0
389929,1,1,1,0.064740757,0,0,0,1
390584,1,0,1,0.703032828,0,0,0,1
391409,1,0,1,0.703032828,1,0,0,0
392450,1,1,1,-0.720849484,1,0,0,0
392924,1,0,1,0.506635267,0,1,0,0
393173,1,1,1,0.359337097,1,0,0,0
393808,1,1,1,0.113840147,1,0,0,0
393997,1,0,1,-0.229855583,1,0,0,0
396433,1,0,1,0.703032828,0,0,0,1
396907,1,0,1,0.653933437,0,0,0,1
396948,1,0,1,0.506635267,0,0,0,1
397264,1,1,1,-0.278954973,1,0,0,0
398260,1,1,1,0.015641367,0,1,0,0
398449,1,1,1,0.604834047,0,0,0,1
400209,1,1,1,0.015641367,1,0,0,0
401191,0,1,1,-3.568614107,0,0,0,0
401473,1,0,1,0.752132218,1,0,0,0
402369,1,0,1,0.752132218,0,0,0,1
403039,1,1,1,-0.573551314,1,0,0,0
403241,1,0,1,0.899430388,0,0,0,1
404224,0,1,1,-0.328054363,0,1,0,0
405804,1,0,1,0.506635267,0,0,0,1
406648,0,1,1,-3.568614107,0,0,0,0
409793,1,0,1,0.850330998,1,0,0,0
409804,1,0,1,0.850330998,0,0,1,0
409850,1,1,1,-0.278954973,1,0,0,0
410723,1,1,1,0.457535877,0,0,0,1
412952,1,1,1,0.604834047,0,0,0,1
413139,1,1,1,0.212038927,0,0,0,1
414246,1,1,1,0.604834047,0,0,0,1
415434,1,0,1,1.194026728,1,0,0,0
417942,1,0,1,0.752132218,1,0,0,0
418312,1,0,1,0.997629168,0,0,0,1
418480,1,1,1,0.801231608,0,0,0,1
419066,0,1,1,-3.568614107,0,0,0,0
419497,1,1,1,-0.328054363,1,0,0,0
419541,1,1,1,0.212038927,0,0,0,1
419620,1,0,1,0.113840147,1,0,0,0
420313,1,1,1,0.261138317,0,0,0,1
421376,1,0,1,0.555734657,1,0,0,0
422456,1,0,1,0.359337097,1,0,0,0
422582,1,1,1,0.359337097,1,0,0,0
423171,1,0,1,-0.082557413,1,0,0,0
423605,1,1,1,-0.229855583,1,0,0,0
424414,1,0,1,0.948529778,1,0,0,0
426505,1,1,1,0.408436487,0,0,0,1
426908,1,0,1,0.015641367,1,0,0,0
427737,1,0,1,0.752132218,1,0,0,0
428019,1,1,1,0.555734657,1,0,0,0
428330,1,1,1,-0.033458023,1,0,0,0
428469,1,0,1,0.457535877,1,0,0,0
430531,1,1,1,1.095827948,1,0,0,0
431236,1,1,1,0.113840147,0,1,0,0
432086,1,0,1,0.555734657,1,0,0,0
432576,1,0,1,0.948529778,1,0,0,0
433740,1,0,1,0.801231608,0,0,0,1
433756,1,0,1,0.457535877,0,0,0,1
433979,1,1,1,0.359337097,1,0,0,0
435203,1,0,1,1.095827948,0,0,0,1
438360,1,1,1,-0.131656803,0,1,0,0
438982,1,0,1,0.555734657,1,0,0,0
439289,1,0,1,-3.568614107,0,0,0,0
440675,1,1,1,-0.819048264,0,0,1,0
441703,1,0,1,0.752132218,1,0,0,0
441848,1,0,1,0.457535877,1,0,0,0
441908,1,1,1,-0.278954973,1,0,0,0
441915,0,0,1,-3.568614107,0,0,0,0
441963,1,1,1,0.703032828,1,0,0,0
442379,1,1,1,-0.131656803,1,0,0,0
443970,1,1,1,0.212038927,1,0,0,0
444738,1,0,1,1.144927338,1,0,0,0
446222,1,0,1,0.408436487,0,0,1,0
446514,1,1,1,-1.850135455,1,1,0,0
447762,0,0,0,-1.751936675,0,0,1,0
448427,0,1,1,-0.033458023,0,0,1,0
451049,1,0,1,0.850330998,0,0,0,1
452016,1,0,1,-0.573551314,1,0,0,0
454173,1,0,1,1.144927338,1,0,0,0
455048,1,1,1,0.506635267,0,0,0,1
455809,1,0,1,-0.131656803,1,0,0,0
459825,1,1,1,0.948529778,0,0,0,1
461040,1,1,1,0.261138317,1,0,0,0
463013,1,1,1,0.212038927,0,0,0,1
463230,1,0,1,0.752132218,1,0,0,0
463391,1,0,1,0.801231608,0,0,0,1
464253,1,0,1,1.144927338,1,0,0,0
471252,1,0,1,-0.278954973,1,0,0,0
471311,1,1,1,0.261138317,1,0,0,0
471615,1,1,1,0.555734657,0,0,0,1
471650,1,0,1,0.555734657,1,0,0,0
471727,1,0,1,0.212038927,1,0,0,0
471931,1,0,1,0.359337097,1,0,0,0
473127,1,0,1,-0.131656803,1,0,0,0
474769,1,0,1,0.604834047,0,0,0,1
476523,0,0,1,-3.568614107,0,0,0,0
479075,1,1,1,0.899430388,1,0,0,0
483383,1,1,1,0.703032828,1,0,0,0
484225,0,0,1,-3.568614107,0,0,0,0
484256,1,0,1,0.653933437,1,0,0,0
484744,1,0,1,0.555734657,1,0,0,0
485707,1,1,1,-0.033458023,1,0,0,0
485899,1,1,1,0.113840147,1,0,0,0
486241,1,1,1,0.555734657,1,0,0,0
486733,1,1,1,0.555734657,1,0,0,0
487028,1,1,1,0.064740757,0,0,0,1
487203,1,1,1,-0.328054363,1,0,0,0
488520,1,0,1,0.801231608,0,0,0,1
489722,1,1,1,-0.180756193,1,0,0,0
490397,1,1,1,0.850330998,1,0,0,0
490478,0,1,1,-3.568614107,0,0,0,0
492198,1,1,1,0.113840147,0,0,0,1
494083,1,0,1,0.359337097,1,0,0,0
498364,0,1,1,-0.033458023,0,1,0,0
500772,1,1,1,0.997629168,0,0,0,1
502098,1,1,1,-0.131656803,1,0,0,0
502406,1,0,1,0.604834047,0,0,0,1
502601,1,0,0,-0.622650704,1,0,1,0
503766,0,1,1,-1.653737895,0,1,1,0
504041,1,0,1,0.359337097,0,0,0,1
505193,1,1,1,0.408436487,0,1,0,0
505212,1,1,1,0.162939537,1,0,0,0
506643,1,1,1,0.604834047,0,0,0,1
508690,1,1,1,0.113840147,1,0,0,0
509515,1,0,1,0.555734657,1,0,0,0
509668,1,0,1,0.064740757,1,0,0,0
512018,1,0,1,0.752132218,1,0,0,0
512305,1,1,1,0.506635267,1,0,0,0
513125,1,0,1,0.506635267,1,0,0,0
514487,1,1,1,-0.769948874,1,0,0,0
515405,1,0,1,-0.475352534,1,0,0,0
517756,1,0,1,-0.524451924,1,0,0,0
517840,1,0,1,0.555734657,0,0,0,1
518513,1,0,1,-0.622650704,0,1,0,0
519571,1,0,1,0.113840147,0,0,0,1
519956,1,1,1,0.703032828,1,0,0,0
520779,1,0,1,-0.573551314,1,0,0,0
520947,1,0,1,0.359337097,1,0,0,0
521046,1,1,1,0.604834047,1,0,0,0
521249,1,0,1,0.801231608,0,0,0,1
521836,1,0,1,0.408436487,0,0,0,1
523314,1,0,1,0.162939537,1,0,0,0
523535,0,1,1,-3.568614107,0,0,0,0
524099,1,0,1,-0.082557413,0,1,0,0
525127,1,0,1,0.408436487,1,0,0,0
527575,0,1,1,-3.568614107,0,0,0,0
529400,1,1,1,-0.131656803,0,1,0,0
532883,0,1,1,-3.568614107,0,0,0,0
534254,1,1,1,-0.622650704,1,0,0,0
535020,0,0,1,-3.568614107,0,0,0,0
537996,1,0,1,0.408436487,1,0,0,0
539106,1,1,1,0.162939537,1,0,0,0
539239,1,1,1,0.359337097,1,0,0,0
539240,1,1,1,0.604834047,1,0,0,0
539708,0,1,1,0.703032828,0,0,1,0
540849,1,0,1,0.212038927,1,0,0,0
541715,1,1,1,0.359337097,1,0,0,0
542534,1,0,1,0.113840147,1,0,0,0
548104,1,1,1,0.359337097,0,0,0,1
550854,1,0,1,0.801231608,0,0,0,1
553578,1,0,1,-3.568614107,0,0,0,0
555386,1,1,1,0.506635267,0,0,0,1
558236,0,1,1,-3.568614107,0,0,0,0
559073,1,0,1,0.653933437,0,0,0,1
559707,0,0,1,0.015641367,1,0,0,0
560328,1,1,1,-0.082557413,1,0,0,0
563761,1,0,1,0.653933437,1,0,0,0
563832,0,1,1,-0.131656803,0,1,0,0
564715,1,0,1,0.359337097,1,0,0,0
565810,1,1,1,-0.622650704,1,0,0,0
567476,1,0,1,0.113840147,1,0,0,0
568198,0,1,1,-3.568614107,0,0,0,0
569701,1,0,1,0.948529778,1,0,0,0
569859,1,1,1,0.359337097,0,0,0,1
569904,0,0,1,-3.568614107,0,0,0,0
570190,1,1,1,0.359337097,1,0,0,0
570274,1,1,1,0.653933437,0,0,0,1
570403,1,1,0,-0.720849484,1,0,1,0
571089,1,1,1,0.015641367,1,0,0,0
571841,1,1,1,-0.720849484,1,0,0,0
572558,1,1,1,-0.328054363,1,0,0,0
574512,0,1,1,0.064740757,0,1,0,0
574847,1,1,1,-0.524451924,0,1,0,0
575674,1,0,1,0.212038927,0,1,0,0
576982,1,1,1,0.752132218,1,0,0,0
577433,1,0,1,0.653933437,1,0,0,0
578796,1,0,1,0.408436487,1,0,0,0
581024,1,1,1,0.015641367,1,0,0,0
581732,1,1,1,-1.064545214,1,0,0,0
581869,1,0,1,0.457535877,1,0,0,0
582031,1,1,1,-0.622650704,1,0,0,0
582099,1,0,1,0.752132218,1,0,0,0
583871,1,0,1,0.703032828,1,0,0,0
583961,1,0,1,0.948529778,1,0,0,0
584394,1,0,1,0.703032828,1,0,0,0
584512,1,1,1,0.408436487,1,0,0,0
584583,1,1,1,0.064740757,1,0,0,0
587771,1,1,1,-0.720849484,1,0,0,0
588419,1,1,1,0.261138317,0,1,0,0
588442,0,0,1,-0.622650704,0,1,0,0
589416,1,1,1,0.064740757,0,0,0,1
591745,1,1,1,-0.033458023,1,0,0,0
592679,1,0,1,0.653933437,1,0,0,0
596903,1,1,1,0.555734657,0,0,0,1
597243,1,1,1,-0.377153753,1,0,0,0
598213,1,0,1,0.359337097,0,0,0,1
599819,1,1,1,0.162939537,1,0,0,0
600433,1,1,1,-0.131656803,1,0,0,0
601270,1,0,1,0.850330998,1,0,0,0
601898,1,0,1,0.555734657,1,0,0,0
603872,1,0,1,0.604834047,1,0,0,0
604694,1,1,1,0.703032828,0,0,0,1
605391,1,0,1,0.604834047,1,0,0,0
605987,1,1,1,0.113840147,1,0,0,0
607170,1,1,1,0.506635267,0,0,0,1
607509,1,1,1,0.506635267,1,0,0,0
607709,1,1,1,-0.082557413,1,0,0,0
609795,1,0,1,0.703032828,1,0,0,0
611587,1,0,1,0.212038927,1,0,0,0
612133,1,1,1,-0.426253144,1,0,0,0
612293,1,1,1,0.408436487,1,0,0,0
614611,1,0,1,-0.033458023,1,0,0,0
616843,1,0,1,0.948529778,1,0,0,0
620078,0,0,1,0.408436487,0,0,0,1
621091,1,1,1,-0.229855583,1,0,0,0
621752,1,0,1,0.653933437,1,0,0,0
624769,1,0,0,-0.573551314,0,0,1,0
625725,0,1,1,0.064740757,0,1,0,0
626098,1,0,1,0.113840147,1,0,0,0
626474,1,1,1,0.555734657,1,0,0,0
627978,1,1,1,0.212038927,1,0,0,0
629871,1,1,1,0.064740757,0,1,0,0
631392,1,1,1,0.015641367,1,0,0,0
633311,1,0,1,0.948529778,1,0,0,0
633952,1,0,1,0.555734657,1,0,0,0
635091,1,0,1,0.064740757,1,0,0,0
635501,1,0,1,0.653933437,0,0,0,1
635882,1,0,1,0.653933437,1,0,0,0
636000,1,0,1,-0.868147654,1,0,0,0
640788,1,1,1,0.113840147,1,0,0,0
643224,1,0,1,-0.082557413,1,0,0,0
645282,1,1,1,0.653933437,0,0,0,1
645488,1,1,1,0.555734657,1,0,0,0
646215,1,0,1,0.359337097,1,0,0,0
646366,1,1,1,0.457535877,0,0,0,1
647296,1,1,1,0.457535877,0,0,0,1
648197,1,0,1,-3.568614107,0,0,0,0
653267,1,1,1,0.162939537,1,0,0,0
655096,1,1,1,0.212038927,1,0,0,0
659033,1,0,1,0.162939537,1,0,0,0
661404,1,1,1,0.653933437,0,0,0,1
661693,0,1,0,-2.341129355,0,0,1,0
662572,1,0,1,0.653933437,1,0,0,0
663187,1,0,1,0.408436487,0,1,0,0
663195,1,0,1,0.408436487,1,0,0,0
666894,1,0,1,1.194026728,1,0,0,0
668657,1,1,0,-1.260942774,1,0,1,0
669330,1,0,1,0.752132218,1,0,0,0
669736,1,0,1,-0.278954973,1,0,0,0
672188,1,1,1,0.113840147,0,1,0,0
675096,1,1,1,0.408436487,0,0,0,1
675578,1,0,1,1.095827948,1,0,0,0
677024,1,1,1,0.310237707,1,0,0,0
679495,1,0,1,0.261138317,0,1,0,0
679664,1,1,1,0.948529778,1,0,0,0
680675,1,0,1,0.162939537,1,0,0,0
680916,1,1,1,-0.229855583,0,1,0,0
681319,1,0,1,0.113840147,1,0,0,0
681342,1,0,1,0.653933437,0,0,0,1
681377,1,0,1,0.506635267,1,0,0,0
682182,1,1,1,0.359337097,1,0,0,0
683141,1,1,1,0.212038927,1,0,0,0
683263,1,0,1,0.703032828,1,0,0,0
685337,1,0,1,0.850330998,0,0,0,1
687041,1,1,1,0.359337097,0,0,0,1
694013,1,1,1,0.310237707,0,0,0,1
696991,1,0,1,0.064740757,1,0,0,0
697914,1,1,1,0.359337097,1,0,0,0
699344,1,1,1,0.408436487,0,0,0,1
699632,0,0,1,0.162939537,0,1,0,0
700112,1,1,1,-0.082557413,0,0,0,1
701985,1,1,1,0.997629168,1,0,0,0
704762,1,1,1,-0.377153753,1,0,0,0
707582,0,1,1,-0.278954973,1,0,0,0
709002,1,1,1,-0.328054363,1,0,0,0
709806,1,1,1,0.653933437,0,1,0,0
709898,1,1,1,0.261138317,1,0,0,0
711300,1,0,1,0.604834047,1,0,0,0
711606,1,0,1,-0.328054363,0,1,0,0
713244,1,1,1,-0.278954973,0,1,0,0
713769,1,0,1,-0.131656803,1,0,0,0
718936,1,1,1,1.194026728,1,0,0,0
719250,1,0,1,-1.506439725,1,1,0,0
719347,1,1,1,0.457535877,0,0,0,1
720760,1,1,1,-0.377153753,0,0,0,1
723533,1,0,1,-0.377153753,0,0,0,1
724776,1,0,1,0.604834047,0,0,0,1
726652,0,0,1,0.408436487,0,0,1,0
727619,1,0,1,0.261138317,0,0,0,1
727735,1,0,0,-1.310042164,0,0,1,0
727747,1,1,1,0.113840147,0,1,0,0
728963,1,0,1,-0.475352534,1,0,0,0
729045,1,1,0,-1.211843384,0,0,1,0
729326,1,1,1,-0.082557413,0,1,0,0
732243,1,0,1,0.015641367,1,0,0,0
733041,1,0,1,0.359337097,1,0,0,0
733210,1,0,1,0.212038927,1,0,0,0
734820,1,1,1,-0.328054363,1,0,0,0
735173,1,1,1,-0.131656803,1,0,0,0
737916,1,1,1,0.064740757,1,0,0,0
738316,1,0,1,-0.328054363,1,0,0,0
738634,1,1,1,0.408436487,1,0,0,0
739006,1,1,1,0.359337097,1,0,0,0
741929,1,0,1,-0.573551314,1,0,0,0
743058,1,1,1,0.359337097,1,0,0,0
744861,1,0,1,0.359337097,1,0,0,0
745741,1,1,1,0.359337097,1,0,0,0
745742,1,0,1,0.850330998,0,0,0,1
745750,1,0,1,0.064740757,1,0,0,0
747043,1,1,1,0.015641367,0,1,0,0
748012,1,0,1,0.408436487,0,1,0,0
750468,1,1,1,-0.769948874,1,0,0,0
752506,0,0,1,-3.568614107,0,0,0,0
752775,1,0,1,0.850330998,1,0,0,0
752885,1,0,1,0.162939537,0,0,0,1
755874,1,0,1,-3.568614107,0,0,0,0
757478,1,1,1,-3.568614107,0,0,0,0
757959,1,1,1,0.064740757,0,0,0,1
758142,1,1,1,-0.328054363,0,0,0,1
758234,1,1,1,0.113840147,1,0,0,0
758466,1,1,1,0.064740757,1,0,0,0
758500,1,0,1,-2.144731795,1,0,0,0
758631,1,1,1,-0.131656803,1,0,0,0
759930,1,1,1,-0.131656803,1,0,0,0
761025,1,1,1,0.604834047,1,0,0,0
762040,1,0,1,-0.082557413,1,0,0,0
762058,1,0,1,0.850330998,1,0,0,0
763886,1,1,1,0.359337097,0,0,0,1
769639,0,1,1,-1.801036065,0,1,1,0
769872,1,0,1,0.703032828,0,0,0,1
770483,1,0,1,0.261138317,0,1,0,0
770506,1,1,1,0.850330998,0,0,0,1
771235,1,0,1,0.408436487,1,0,0,0
771322,1,1,1,-0.769948874,1,0,0,0
772223,1,0,1,0.113840147,1,0,0,0
773161,1,0,1,0.752132218,0,0,0,1
775007,1,0,1,0.801231608,0,0,0,1
775058,1,1,1,0.310237707,1,0,0,0
775899,1,0,1,-0.033458023,1,0,0,0
776449,1,1,1,0.064740757,0,1,0,0
777148,0,0,1,-3.568614107,0,0,0,0
777934,1,1,1,0.162939537,1,0,0,0
779138,1,1,1,0.261138317,1,0,0,0
781180,1,0,1,0.555734657,0,0,0,1
783651,1,0,1,0.359337097,1,0,0,0
783680,1,1,1,0.359337097,1,0,0,0
784999,1,1,1,0.408436487,0,0,0,1
786484,1,0,1,1.095827948,1,0,0,0
786833,1,0,1,0.752132218,1,0,0,0
787776,1,0,1,0.261138317,1,0,0,0
788003,0,1,1,-3.568614107,0,0,0,0
788492,1,0,1,-0.328054363,1,0,0,0
791264,0,1,1,-3.568614107,0,0,0,0
791668,1,1,1,0.162939537,0,0,0,1
791812,1,0,1,-0.475352534,1,0,0,0
792019,1,0,1,0.604834047,0,0,0,1
792441,1,1,1,0.457535877,0,0,0,1
792464,1,1,1,0.162939537,0,1,0,0
793428,1,1,1,0.555734657,0,0,0,1
793905,1,1,1,0.064740757,0,0,0,1
793967,1,0,1,-0.082557413,1,0,0,0
795594,1,1,1,0.261138317,1,0,0,0
795968,1,0,1,0.359337097,1,0,0,0
796295,1,1,1,0.064740757,1,0,0,0
797139,1,0,1,0.212038927,1,0,0,0
797578,1,0,1,0.162939537,0,0,0,1
798030,1,0,1,-0.033458023,0,1,0,0
799695,1,0,1,0.212038927,0,1,0,0
800674,1,1,0,-0.622650704,1,0,1,0
801027,1,0,1,0.261138317,1,0,0,0
802192,1,0,1,0.064740757,1,0,0,0
803608,1,0,1,0.359337097,1,0,0,0
804505,1,0,1,1.046728558,1,0,0,0
806148,1,1,1,-0.377153753,1,0,0,0
807256,1,1,1,-0.475352534,1,0,0,0
807481,1,1,1,0.359337097,0,0,0,1
807512,1,1,1,-0.082557413,1,0,0,0
808226,1,1,1,0.015641367,0,0,0,1
810792,1,1,0,-1.162743994,0,0,1,0
810887,1,0,1,-0.131656803,1,0,0,0
811478,1,1,1,-0.622650704,1,0,0,0
812371,1,1,1,0.604834047,1,0,0,0
812663,1,0,1,0.850330998,1,0,0,0
812804,1,0,1,-0.819048264,1,0,0,0
813784,1,1,1,-0.033458023,1,0,0,0
814339,1,1,1,-3.568614107,0,0,0,0
814420,1,1,1,0.359337097,1,0,0,0
815138,1,0,1,0.703032828,0,0,0,1
816763,1,0,1,0.506635267,1,0,0,0
818570,1,1,1,0.261138317,1,0,0,0
822500,1,0,1,0.506635267,0,1,0,0
822792,0,1,1,-3.568614107,0,0,0,0
822866,1,1,1,0.162939537,0,0,0,1
824057,1,1,1,-0.475352534,1,0,0,0
826636,1,0,1,0.752132218,1,0,0,0
826684,1,0,1,0.359337097,1,0,0,0
827185,1,0,1,0.457535877,1,0,0,0
832920,1,0,1,0.261138317,1,0,0,0
833592,1,0,1,0.359337097,1,0,0,0
834052,1,0,1,0.359337097,1,0,0,0
834148,1,1,1,-0.524451924,0,0,0,1
835001,1,0,1,-0.033458023,1,0,0,0
835495,1,1,1,-0.033458023,1,0,0,0
836542,1,1,1,-0.082557413,1,0,0,0
836584,1,1,1,0.703032828,1,0,0,0
837995,1,1,1,-0.033458023,1,0,0,0
838393,1,0,1,0.850330998,1,0,0,0
839182,1,0,1,-0.377153753,1,0,0,0
839191,1,0,1,-2.046533015,1,0,0,0
839373,1,0,1,0.948529778,1,0,0,0
840224,1,1,1,0.359337097,0,1,0,0
840410,1,1,1,-0.524451924,1,0,0,0
841119,1,0,1,0.408436487,1,0,0,0
841316,1,1,1,0.064740757,0,0,0,1
842554,1,0,1,0.359337097,0,1,0,0
842938,1,0,1,0.359337097,1,0,0,0
842943,1,0,1,-1.064545214,1,0,0,0
843189,1,1,1,0.604834047,0,0,0,1
844104,1,0,1,-0.131656803,1,0,0,0
844348,1,1,1,-0.082557413,0,1,0,0
847627,1,1,1,0.261138317,1,0,0,0
849148,1,1,1,0.113840147,0,0,0,1
849218,1,1,1,0.850330998,1,0,0,0
851331,1,0,1,0.555734657,1,0,0,0
852684,1,1,1,0.604834047,1,0,0,0
853893,1,1,1,-0.131656803,1,0,0,0
855018,1,0,1,0.113840147,1,0,0,0
855784,1,1,1,0.408436487,0,0,0,1
856603,1,1,1,0.064740757,0,1,0,0
860439,1,1,1,-0.229855583,1,0,0,0
861752,1,1,1,-0.180756193,1,0,0,0
861898,1,1,1,-0.180756193,0,0,1,0
862546,1,1,1,0.113840147,1,0,0,0
864067,0,1,1,-0.033458023,1,0,0,0
864468,1,1,1,-3.568614107,0,0,0,0
866028,1,1,1,0.506635267,1,0,0,0
866288,0,1,1,-3.568614107,0,0,0,0
868237,1,0,1,0.506635267,1,0,0,0
868276,1,1,1,0.555734657,1,0,0,0
868476,1,0,1,0.850330998,1,0,0,0
872556,1,0,1,-0.819048264,1,0,0,0
873715,1,1,1,-0.082557413,1,0,0,0
875047,1,0,1,0.261138317,1,0,0,0
876502,1,1,1,-0.426253144,1,0,0,0
877213,0,1,1,-2.341129355,1,0,0,0
878127,1,0,1,-0.131656803,1,0,0,0
879132,1,0,1,0.850330998,1,0,0,0
879980,1,0,1,0.113840147,1,0,0,0
882973,1,1,1,-0.131656803,0,0,0,1
884019,1,0,1,0.261138317,1,0,0,0
887400,1,0,1,-0.033458023,1,0,0,0
887624,1,1,1,0.359337097,0,0,0,1
888813,1,0,1,-3.568614107,0,0,0,0
890241,1,1,1,0.113840147,1,0,0,0
890349,1,1,1,0.261138317,1,0,0,0
892034,1,1,1,0.113840147,1,0,0,0
895171,1,1,1,0.359337097,0,0,0,1
896279,1,1,1,0.261138317,1,0,0,0
896688,1,1,1,0.212038927,1,0,0,0
896850,1,1,0,-1.506439725,0,1,1,0
897283,1,0,1,1.144927338,1,0,0,0
898838,1,1,1,0.506635267,1,0,0,0
899299,1,1,1,0.408436487,1,0,0,0
899346,1,0,1,0.162939537,1,0,0,0
899748,1,0,1,0.555734657,0,0,0,1
903122,1,1,1,-0.278954973,1,0,0,0
903834,1,0,1,0.212038927,0,0,0,1
907879,1,1,1,0.359337097,0,1,0,0
910264,1,0,1,0.653933437,0,0,0,1
910601,1,0,1,0.653933437,0,0,0,1
912121,1,0,1,0.752132218,1,0,0,0
914294,1,1,1,-0.426253144,0,0,0,1
915011,1,1,1,-0.131656803,1,0,0,0
915165,1,0,1,-0.769948874,1,0,0,0
917680,0,1,1,0.162939537,1,0,0,0
917861,1,0,1,-0.180756193,0,0,1,0
918905,1,1,1,-3.568614107,0,0,0,0
919221,1,0,1,0.948529778,1,0,0,0
920972,1,0,1,-0.426253144,1,0,0,0
921030,1,1,1,-0.229855583,0,1,0,0
922686,1,0,1,-0.082557413,1,0,0,0
923027,1,1,1,0.703032828,1,0,0,0
923847,1,0,1,0.212038927,1,0,0,0
925242,1,0,1,0.212038927,1,0,0,0
925773,1,0,0,-1.015445824,0,0,1,0
926000,1,1,1,0.113840147,1,0,0,0
926660,0,0,1,-3.568614107,0,0,0,0
929006,1,1,1,0.457535877,0,1,0,0
929273,1,0,1,0.408436487,1,0,0,0
929453,1,1,1,0.506635267,1,0,0,0
930509,1,0,1,0.408436487,1,0,0,0
932085,1,0,1,0.212038927,1,0,0,0
933476,1,1,1,-0.082557413,1,0,0,0
934031,1,1,1,-0.033458023,0,0,0,1
934995,0,1,1,-3.568614107,0,0,0,0
935890,1,0,1,0.113840147,0,0,0,1
936951,1,0,1,0.457535877,1,0,0,0
938346,0,1,1,-3.568614107,0,0,0,0
939857,1,0,1,-0.131656803,1,0,0,0
939873,0,1,1,-0.426253144,0,0,1,0
940845,1,1,1,0.359337097,1,0,0,0
941154,1,0,1,0.261138317,1,0,0,0
941637,1,1,1,0.703032828,1,0,0,0
941970,1,1,1,-0.868147654,1,0,0,0
945218,1,1,1,0.359337097,0,0,0,1
945415,1,0,1,0.359337097,0,1,0,0
946712,1,1,1,-0.377153753,1,0,0,0
946721,1,0,1,0.506635267,0,0,0,1
949732,1,1,1,0.850330998,0,0,0,1
950823,1,0,1,0.703032828,0,0,0,1
953194,1,1,0,-1.604638505,0,0,1,0
957850,1,0,1,0.555734657,1,0,0,0
958879,1,1,1,-0.033458023,1,0,0,0
958989,1,0,1,0.359337097,1,0,0,0
959567,1,0,1,0.359337097,0,0,0,1
961324,1,0,1,0.015641367,0,0,0,1
962545,1,0,1,0.850330998,1,0,0,0
962560,1,0,1,-0.229855583,1,0,0,0
963364,1,1,1,0.457535877,1,0,0,0
964508,1,1,1,0.604834047,0,0,0,1
966430,1,1,1,-0.328054363,1,0,0,0
966694,1,0,1,-0.082557413,1,0,0,0
968700,1,0,1,0.212038927,1,0,0,0
969415,1,0,1,0.359337097,1,0,0,0
972331,1,0,1,0.604834047,1,0,0,0
972946,1,1,1,0.604834047,0,0,0,1
973150,1,1,1,0.703032828,1,0,0,0
973789,1,1,1,0.408436487,1,0,0,0
974152,0,0,1,-3.568614107,0,0,0,0
974160,1,1,1,0.261138317,0,1,0,0
974302,1,1,1,0.113840147,0,0,0,1
977305,1,1,1,0.752132218,1,0,0,0
981123,1,1,1,-0.573551314,0,1,0,0
981897,1,0,1,0.261138317,1,0,0,0
981930,1,1,1,0.408436487,1,0,0,0
982109,1,1,1,-0.082557413,0,0,0,1
982405,1,0,1,0.899430388,1,0,0,0
982558,1,1,1,0.555734657,1,0,0,0
982879,1,1,1,0.359337097,0,0,0,1
984022,1,1,1,0.162939537,1,0,0,0
984500,1,0,1,0.310237707,0,0,0,1
987223,0,1,1,-0.671750094,1,0,0,0
987446,0,1,1,-3.568614107,0,0,0,0
987549,1,1,1,0.113840147,1,0,0,0
987944,1,1,1,-0.328054363,1,0,0,0
988302,1,0,1,0.801231608,0,0,0,1
988731,1,1,0,-0.819048264,1,0,1,0
990405,1,0,1,-0.229855583,0,0,0,1
990485,1,1,1,-0.131656803,0,0,0,1
992063,1,1,1,-0.622650704,1,0,0,0
992416,1,0,1,-0.082557413,0,0,0,1
994646,1,0,1,1.046728558,1,0,0,0
995751,1,1,1,-0.278954973,0,1,0,0
997420,1,0,1,0.506635267,1,0,0,0
999069,1,1,1,0.899430388,1,0,0,0
999694,1,0,1,0.015641367,1,0,0,0
1000319,0,1,1,-0.131656803,1,0,0,0
1000944,0,0,0,-1.555539115,0,0,1,0
1001569,0,1,1,-0.328054363,0,1,0,0
1002194,0,1,1,-0.720849484,1,0,0,0
1002819,0,1,1,-3.568614107,0,0,0,0
1003444,0,1,1,0.113840147,1,0,0,0
1004069,0,0,1,-0.229855583,0,0,1,0
1004694,0,0,1,-3.568614107,0,0,0,0
1005319,0,0,1,-0.622650704,1,0,0,0
1005944,0,0,1,-0.033458023,0,0,1,0
1006569,0,0,1,-0.131656803,1,0,0,0
1007194,0,0,1,-3.568614107,0,0,0,0
1007819,0,1,1,-3.568614107,0,0,0,0
1008444,0,0,1,-0.377153753,0,1,0,0
1009069,0,1,0,-0.868147654,0,0,1,0
1009694,0,1,1,-3.568614107,0,0,0,0
1010319,0,1,1,0.113840147,0,1,0,0
1010944,0,1,1,-0.082557413,1,0,0,0
1011569,0,1,1,-0.377153753,0,0,0,1
1012194,0,1,1,-0.917247044,1,0,0,0
1012819,0,0,1,-3.568614107,0,0,0,0
1013444,0,0,1,-0.819048264,0,1,0,0
1014069,0,0,1,-3.568614107,0,0,0,0
1014694,0,0,1,-3.568614107,0,0,0,0
1015319,0,0,1,-0.819048264,1,0,0,0
1015944,0,1,1,0.162939537,0,1,0,0
1016569,0,0,1,-0.229855583,0,0,1,0
1017194,0,1,1,-3.568614107,0,0,0,0
1017819,0,0,1,-3.568614107,0,0,0,0
1018444,0,1,1,-0.622650704,0,1,0,0
1019069,0,1,1,-3.568614107,0,0,0,0
1019694,0,1,1,-3.568614107,0,0,0,0
1020319,0,1,1,-0.328054363,0,1,0,0
1020944,0,1,1,-3.568614107,0,0,0,0
1021569,0,1,1,-3.568614107,0,0,0,0
1022194,0,0,1,-3.568614107,0,0,0,0
1022819,0,0,0,-1.751936675,0,0,1,0
1023444,0,1,1,-0.033458023,0,0,1,0
1024069,0,0,1,-3.568614107,0,0,0,0
1024694,0,0,1,-3.568614107,0,0,0,0
1025319,0,1,1,-3.568614107,0,0,0,0
1025944,0,1,1,-0.033458023,0,1,0,0
1026569,0,1,1,-1.653737895,0,1,1,0
1027194,0,1,1,-3.568614107,0,0,0,0
1027819,0,1,1,-3.568614107,0,0,0,0
1028444,0,1,1,-3.568614107,0,0,0,0
1029069,0,0,1,-3.568614107,0,0,0,0
1029694,0,1,1,0.703032828,0,0,1,0
1030319,0,1,1,-3.568614107,0,0,0,0
1030944,0,0,1,0.015641367,1,0,0,0
1031569,0,1,1,-0.131656803,0,1,0,0
1032194,0,1,1,-3.568614107,0,0,0,0
1032819,0,0,1,-3.568614107,0,0,0,0
1033444,0,1,1,0.064740757,0,1,0,0
1034069,0,0,1,-0.622650704,0,1,0,0
1034694,0,0,1,0.408436487,0,0,0,1
1035319,0,1,1,0.064740757,0,1,0,0
1035944,0,1,0,-2.341129355,0,0,1,0
1036569,0,0,1,0.162939537,0,1,0,0
1037194,0,1,1,-0.278954973,1,0,0,0
1037819,0,0,1,0.408436487,0,0,1,0
1038444,0,0,1,-3.568614107,0,0,0,0
1039069,0,1,1,-1.801036065,0,1,1,0
1039694,0,0,1,-3.568614107,0,0,0,0
1040319,0,1,1,-3.568614107,0,0,0,0
1040944,0,1,1,-3.568614107,0,0,0,0
1041569,0,1,1,-3.568614107,0,0,0,0
1042194,0,1,1,-0.033458023,1,0,0,0
1042819,0,1,1,-3.568614107,0,0,0,0
1043444,0,1,1,-2.341129355,1,0,0,0
1044069,0,1,1,0.162939537,1,0,0,0
1044694,0,0,1,-3.568614107,0,0,0,0
1045319,0,1,1,-3.568614107,0,0,0,0
1045944,0,1,1,-3.568614107,0,0,0,0
1046569,0,1,1,-0.426253144,0,0,1,0
1047194,0,0,1,-3.568614107,0,0,0,0
1047819,0,1,1,-0.671750094,1,0,0,0
1048444,0,1,1,-3.568614107,0,0,0,0
1049069,0,1,1,-0.131656803,1,0,0,0
1049694,0,0,0,-1.555539115,0,0,1,0
1050319,0,1,1,-0.328054363,0,1,0,0
1050944,0,1,1,-0.720849484,1,0,0,0
1051569,0,1,1,-3.568614107,0,0,0,0
1052194,0,1,1,0.113840147,1,0,0,0
1052819,0,0,1,-0.229855583,0,0,1,0
1053444,0,0,1,-3.568614107,0,0,0,0
1054069,0,0,1,-0.622650704,1,0,0,0
1054694,0,0,1,-0.033458023,0,0,1,0
1055319,0,0,1,-0.131656803,1,0,0,0
1055944,0,0,1,-3.568614107,0,0,0,0
1056569,0,1,1,-3.568614107,0,0,0,0
1057194,0,0,1,-0.377153753,0,1,0,0
1057819,0,1,0,-0.868147654,0,0,1,0
1058444,0,1,1,-3.568614107,0,0,0,0
1059069,0,1,1,0.113840147,0,1,0,0
1059694,0,1,1,-0.082557413,1,0,0,0
1060319,0,1,1,-0.377153753,0,0,0,1
1060944,0,1,1,-0.917247044,1,0,0,0
1061569,0,0,1,-3.568614107,0,0,0,0
1062194,0,0,1,-0.819048264,0,1,0,0
1062819,0,0,1,-3.568614107,0,0,0,0
1063444,0,0,1,-3.568614107,0,0,0,0
1064069,0,0,1,-0.819048264,1,0,0,0
1064694,0,1,1,0.162939537,0,1,0,0
1065319,0,0,1,-0.229855583,0,0,1,0
1065944,0,1,1,-3.568614107,0,0,0,0
1066569,0,0,1,-3.568614107,0,0,0,0
1067194,0,1,1,-0.622650704,0,1,0,0
1067819,0,1,1,-3.568614107,0,0,0,0
1068444,0,1,1,-3.568614107,0,0,0,0
1069069,0,1,1,-0.328054363,0,1,0,0
1069694,0,1,1,-3.568614107,0,0,0,0
1070319,0,1,1,-3.568614107,0,0,0,0
1070944,0,0,1,-3.568614107,0,0,0,0
1071569,0,0,0,-1.751936675,0,0,1,0
1072194,0,1,1,-0.033458023,0,0,1,0
1072819,0,0,1,-3.568614107,0,0,0,0
1073444,0,0,1,-3.568614107,0,0,0,0
1074069,0,1,1,-3.568614107,0,0,0,0
1074694,0,1,1,-0.033458023,0,1,0,0
1075319,0,1,1,-1.653737895,0,1,1,0
1075944,0,1,1,-3.568614107,0,0,0,0
1076569,0,1,1,-3.568614107,0,0,0,0
1077194,0,1,1,-3.568614107,0,0,0,0
1077819,0,0,1,-3.568614107,0,0,0,0
1078444,0,1,1,0.703032828,0,0,1,0
1079069,0,1,1,-3.568614107,0,0,0,0
1079694,0,0,1,0.015641367,1,0,0,0
1080319,0,1,1,-0.131656803,0,1,0,0
1080944,0,1,1,-3.568614107,0,0,0,0
1081569,0,0,1,-3.568614107,0,0,0,0
1082194,0,1,1,0.064740757,0,1,0,0
1082819,0,0,1,-0.622650704,0,1,0,0
1083444,0,0,1,0.408436487,0,0,0,1
1084069,0,1,1,0.064740757,0,1,0,0
1084694,0,1,0,-2.341129355,0,0,1,0
1085319,0,0,1,0.162939537,0,1,0,0
1085944,0,1,1,-0.278954973,1,0,0,0
1086569,0,0,1,0.408436487,0,0,1,0
1087194,0,0,1,-3.568614107,0,0,0,0
1087819,0,1,1,-1.801036065,0,1,1,0
1088444,0,0,1,-3.568614107,0,0,0,0
1089069,0,1,1,-3.568614107,0,0,0,0
1089694,0,1,1,-3.568614107,0,0,0,0
1090319,0,1,1,-3.568614107,0,0,0,0
1090944,0,1,1,-0.033458023,1,0,0,0
1091569,0,1,1,-3.568614107,0,0,0,0
1092194,0,1,1,-2.341129355,1,0,0,0
1092819,0,1,1,0.162939537,1,0,0,0
1093444,0,0,1,-3.568614107,0,0,0,0
1094069,0,1,1,-3.568614107,0,0,0,0
1094694,0,1,1,-3.568614107,0,0,0,0
1095319,0,1,1,-0.426253144,0,0,1,0
1095944,0,0,1,-3.568614107,0,0,0,0
1096569,0,1,1,-0.671750094,1,0,0,0
1097194,0,1,1,-3.568614107,0,0,0,0
1097819,0,1,1,-0.131656803,1,0,0,0
1098444,0,0,0,-1.555539115,0,0,1,0
1099069,0,1,1,-0.328054363,0,1,0,0
1099694,0,1,1,-0.720849484,1,0,0,0
1100319,0,1,1,-3.568614107,0,0,0,0
1100944,0,1,1,0.113840147,1,0,0,0
1101569,0,0,1,-0.229855583,0,0,1,0
1102194,0,0,1,-3.568614107,0,0,0,0
1102819,0,0,1,-0.622650704,1,0,0,0
1103444,0,0,1,-0.033458023,0,0,1,0
1104069,0,0,1,-0.131656803,1,0,0,0
1104694,0,0,1,-3.568614107,0,0,0,0
1105319,0,1,1,-3.568614107,0,0,0,0
1105944,0,0,1,-0.377153753,0,1,0,0
1106569,0,1,0,-0.868147654,0,0,1,0
1107194,0,1,1,-3.568614107,0,0,0,0
1107819,0,1,1,0.113840147,0,1,0,0
1108444,0,1,1,-0.082557413,1,0,0,0
1109069,0,1,1,-0.377153753,0,0,0,1
1109694,0,1,1,-0.917247044,1,0,0,0
1110319,0,0,1,-3.568614107,0,0,0,0
1110944,0,0,1,-0.819048264,0,1,0,0
1111569,0,0,1,-3.568614107,0,0,0,0
1112194,0,0,1,-3.568614107,0,0,0,0
1112819,0,0,1,-0.819048264,1,0,0,0
1113444,0,1,1,0.162939537,0,1,0,0
1114069,0,0,1,-0.229855583,0,0,1,0
1114694,0,1,1,-3.568614107,0,0,0,0
1115319,0,0,1,-3.568614107,0,0,0,0
1115944,0,1,1,-0.622650704,0,1,0,0
1116569,0,1,1,-3.568614107,0,0,0,0
1117194,0,1,1,-3.568614107,0,0,0,0
1117819,0,1,1,-0.328054363,0,1,0,0
1118444,0,1,1,-3.568614107,0,0,0,0
1119069,0,1,1,-3.568614107,0,0,0,0
1119694,0,0,1,-3.568614107,0,0,0,0
1120319,0,0,0,-1.751936675,0,0,1,0
1120944,0,1,1,-0.033458023,0,0,1,0
1121569,0,0,1,-3.568614107,0,0,0,0
1122194,0,0,1,-3.568614107,0,0,0,0
1122819,0,1,1,-3.568614107,0,0,0,0
1123444,0,1,1,-0.033458023,0,1,0,0
1124069,0,1,1,-1.653737895,0,1,1,0
1124694,0,1,1,-3.568614107,0,0,0,0
1125319,0,1,1,-3.568614107,0,0,0,0
1125944,0,1,1,-3.568614107,0,0,0,0
1126569,0,0,1,-3.568614107,0,0,0,0
1127194,0,1,1,0.703032828,0,0,1,0
1127819,0,1,1,-3.568614107,0,0,0,0
1128444,0,0,1,0.015641367,1,0,0,0
1129069,0,1,1,-0.131656803,0,1,0,0
1129694,0,1,1,-3.568614107,0,0,0,0
1130319,0,0,1,-3.568614107,0,0,0,0
1130944,0,1,1,0.064740757,0,1,0,0
1131569,0,0,1,-0.622650704,0,1,0,0
1132194,0,0,1,0.408436487,0,0,0,1
1132819,0,1,1,0.064740757,0,1,0,0
1133444,0,1,0,-2.341129355,0,0,1,0
1134069,0,0,1,0.162939537,0,1,0,0
1134694,0,1,1,-0.278954973,1,0,0,0
1135319,0,0,1,0.408436487,0,0,1,0
1135944,0,0,1,-3.568614107,0,0,0,0
1136569,0,1,1,-1.801036065,0,1,1,0
1137194,0,0,1,-3.568614107,0,0,0,0
1137819,0,1,1,-3.568614107,0,0,0,0
1138444,0,1,1,-3.568614107,0,0,0,0
1139069,0,1,1,-3.568614107,0,0,0,0
1139694,0,1,1,-0.033458023,1,0,0,0
1140319,0,1,1,-3.568614107,0,0,0,0
1140944,0,1,1,-2.341129355,1,0,0,0
1141569,0,1,1,0.162939537,1,0,0,0
1142194,0,0,1,-3.568614107,0,0,0,0
1142819,0,1,1,-3.568614107,0,0,0,0
1143444,0,1,1,-3.568614107,0,0,0,0
1144069,0,1,1,-0.426253144,0,0,1,0
1144694,0,0,1,-3.568614107,0,0,0,0
1145319,0,1,1,-0.671750094,1,0,0,0
1145944,0,1,1,-3.568614107,0,0,0,0
1146569,0,1,1,-0.131656803,1,0,0,0
1147194,0,0,0,-1.555539115,0,0,1,0
1147819,0,1,1,-0.328054363,0,1,0,0
1148444,0,1,1,-0.720849484,1,0,0,0
1149069,0,1,1,-3.568614107,0,0,0,0
1149694,0,1,1,0.113840147,1,0,0,0
1150319,0,0,1,-0.229855583,0,0,1,0
1150944,0,0,1,-3.568614107,0,0,0,0
1151569,0,0,1,-0.622650704,1,0,0,0
1152194,0,0,1,-0.033458023,0,0,1,0
1152819,0,0,1,-0.131656803,1,0,0,0
1153444,0,0,1,-3.568614107,0,0,0,0
1154069,0,1,1,-3.568614107,0,0,0,0
1154694,0,0,1,-0.377153753,0,1,0,0
1155319,0,1,0,-0.868147654,0,0,1,0
1155944,0,1,1,-3.568614107,0,0,0,0
1156569,0,1,1,0.113840147,0,1,0,0
1157194,0,1,1,-0.082557413,1,0,0,0
1157819,0,1,1,-0.377153753,0,0,0,1
1158444,0,1,1,-0.917247044,1,0,0,0
1159069,0,0,1,-3.568614107,0,0,0,0
1159694,0,0,1,-0.819048264,0,1,0,0
1160319,0,0,1,-3.568614107,0,0,0,0
1160944,0,0,1,-3.568614107,0,0,0,0
1161569,0,0,1,-0.819048264,1,0,0,0
1162194,0,1,1,0.162939537,0,1,0,0
1162819,0,0,1,-0.229855583,0,0,1,0
1163444,0,1,1,-3.568614107,0,0,0,0
1164069,0,0,1,-3.568614107,0,0,0,0
1164694,0,1,1,-0.622650704,0,1,0,0
1165319,0,1,1,-3.568614107,0,0,0,0
1165944,0,1,1,-3.568614107,0,0,0,0
1166569,0,1,1,-0.328054363,0,1,0,0
1167194,0,1,1,-3.568614107,0,0,0,0
1167819,0,1,1,-3.568614107,0,0,0,0
1168444,0,0,1,-3.568614107,0,0,0,0
1169069,0,0,0,-1.751936675,0,0,1,0
1169694,0,1,1,-0.033458023,0,0,1,0
1170319,0,0,1,-3.568614107,0,0,0,0
1170944,0,0,1,-3.568614107,0,0,0,0
1171569,0,1,1,-3.568614107,0,0,0,0
1172194,0,1,1,-0.033458023,0,1,0,0
1172819,0,1,1,-1.653737895,0,1,1,0
1173444,0,1,1,-3.568614107,0,0,0,0
1174069,0,1,1,-3.568614107,0,0,0,0
1174694,0,1,1,-3.568614107,0,0,0,0
1175319,0,0,1,-3.568614107,0,0,0,0
1175944,0,1,1,0.703032828,0,0,1,0
1176569,0,1,1,-3.568614107,0,0,0,0
1177194,0,0,1,0.015641367,1,0,0,0
1177819,0,1,1,-0.131656803,0,1,0,0
1178444,0,1,1,-3.568614107,0,0,0,0
1179069,0,0,1,-3.568614107,0,0,0,0
1179694,0,1,1,0.064740757,0,1,0,0
1180319,0,0,1,-0.622650704,0,1,0,0
1180944,0,0,1,0.408436487,0,0,0,1
1181569,0,1,1,0.064740757,0,1,0,0
1182194,0,1,0,-2.341129355,0,0,1,0
1182819,0,0,1,0.162939537,0,1,0,0
1183444,0,1,1,-0.278954973,1,0,0,0
1184069,0,0,1,0.408436487,0,0,1,0
1184694,0,0,1,-3.568614107,0,0,0,0
1185319,0,1,1,-1.801036065,0,1,1,0
1185944,0,0,1,-3.568614107,0,0,0,0
1186569,0,1,1,-3.568614107,0,0,0,0
1187194,0,1,1,-3.568614107,0,0,0,0
1187819,0,1,1,-3.568614107,0,0,0,0
1188444,0,1,1,-0.033458023,1,0,0,0
1189069,0,1,1,-3.568614107,0,0,0,0
1189694,0,1,1,-2.341129355,1,0,0,0
1190319,0,1,1,0.162939537,1,0,0,0
1190944,0,0,1,-3.568614107,0,0,0,0
1191569,0,1,1,-3.568614107,0,0,0,0
1192194,0,1,1,-3.568614107,0,0,0,0
1192819,0,1,1,-0.426253144,0,0,1,0
1193444,0,0,1,-3.568614107,0,0,0,0
1194069,0,1,1,-0.671750094,1,0,0,0
1194694,0,1,1,-3.568614107,0,0,0,0
1195319,0,1,1,-0.131656803,1,0,0,0
1195944,0,0,0,-1.555539115,0,0,1,0
1196569,0,1,1,-0.328054363,0,1,0,0
1197194,0,1,1,-0.720849484,1,0,0,0
1197819,0,1,1,-3.568614107,0,0,0,0
1198444,0,1,1,0.113840147,1,0,0,0
1199069,0,0,1,-0.229855583,0,0,1,0
1199694,0,0,1,-3.568614107,0,0,0,0
1200319,0,0,1,-0.622650704,1,0,0,0
1200944,0,0,1,-0.033458023,0,0,1,0
1201569,0,0,1,-0.131656803,1,0,0,0
1202194,0,0,1,-3.568614107,0,0,0,0
1202819,0,1,1,-3.568614107,0,0,0,0
1203444,0,0,1,-0.377153753,0,1,0,0
1204069,0,1,0,-0.868147654,0,0,1,0
1204694,0,1,1,-3.568614107,0,0,0,0
1205319,0,1,1,0.113840147,0,1,0,0
1205944,0,1,1,-0.082557413,1,0,0,0
1206569,0,1,1,-0.377153753,0,0,0,1
1207194,0,1,1,-0.917247044,1,0,0,0
1207819,0,0,1,-3.568614107,0,0,0,0
1208444,0,0,1,-0.819048264,0,1,0,0
1209069,0,0,1,-3.568614107,0,0,0,0
1209694,0,0,1,-3.568614107,0,0,0,0
1210319,0,0,1,-0.819048264,1,0,0,0
1210944,0,1,1,0.162939537,0,1,0,0
1211569,0,0,1,-0.229855583,0,0,1,0
1212194,0,1,1,-3.568614107,0,0,0,0
1212819,0,0,1,-3.568614107,0,0,0,0
1213444,0,1,1,-0.622650704,0,1,0,0
1214069,0,1,1,-3.568614107,0,0,0,0
1214694,0,1,1,-3.568614107,0,0,0,0
1215319,0,1,1,-0.328054363,0,1,0,0
1215944,0,1,1,-3.568614107,0,0,0,0
1216569,0,1,1,-3.568614107,0,0,0,0
1217194,0,0,1,-3.568614107,0,0,0,0
1217819,0,0,0,-1.751936675,0,0,1,0
1218444,0,1,1,-0.033458023,0,0,1,0
1219069,0,0,1,-3.568614107,0,0,0,0
1219694,0,0,1,-3.568614107,0,0,0,0
1220319,0,1,1,-3.568614107,0,0,0,0
1220944,0,1,1,-0.033458023,0,1,0,0
1221569,0,1,1,-1.653737895,0,1,1,0
1222194,0,1,1,-3.568614107,0,0,0,0
1222819,0,1,1,-3.568614107,0,0,0,0
1223444,0,1,1,-3.568614107,0,0,0,0
1224069,0,0,1,-3.568614107,0,0,0,0
1224694,0,1,1,0.703032828,0,0,1,0
1225319,0,1,1,-3.568614107,0,0,0,0
1225944,0,0,1,0.015641367,1,0,0,0
1226569,0,1,1,-0.131656803,0,1,0,0
1227194,0,1,1,-3.568614107,0,0,0,0
1227819,0,0,1,-3.568614107,0,0,0,0
1228444,0,1,1,0.064740757,0,1,0,0
1229069,0,0,1,-0.622650704,0,1,0,0
1229694,0,0,1,0.408436487,0,0,0,1
1230319,0,1,1,0.064740757,0,1,0,0
1230944,0,1,0,-2.341129355,0,0,1,0
1231569,0,0,1,0.162939537,0,1,0,0
1232194,0,1,1,-0.278954973,1,0,0,0
1232819,0,0,1,0.408436487,0,0,1,0
1233444,0,0,1,-3.568614107,0,0,0,0
1234069,0,1,1,-1.801036065,0,1,1,0
1234694,0,0,1,-3.568614107,0,0,0,0
1235319,0,1,1,-3.568614107,0,0,0,0
1235944,0,1,1,-3.568614107,0,0,0,0
1236569,0,1,1,-3.568614107,0,0,0,0
1237194,0,1,1,-0.033458023,1,0,0,0
1237819,0,1,1,-3.568614107,0,0,0,0
1238444,0,1,1,-2.341129355,1,0,0,0
1239069,0,1,1,0.162939537,1,0,0,0
1239694,0,0,1,-3.568614107,0,0,0,0
1240319,0,1,1,-3.568614107,0,0,0,0
1240944,0,1,1,-3.568614107,0,0,0,0
1241569,0,1,1,-0.426253144,0,0,1,0
1242194,0,0,1,-3.568614107,0,0,0,0
1242819,0,1,1,-0.671750094,1,0,0,0
1243444,0,1,1,-3.568614107,0,0,0,0
1244069,0,1,1,-0.131656803,1,0,0,0
1244694,0,0,0,-1.555539115,0,0,1,0
1245319,0,1,1,-0.328054363,0,1,0,0
1245944,0,1,1,-0.720849484,1,0,0,0
1246569,0,1,1,-3.568614107,0,0,0,0
1247194,0,1,1,0.113840147,1,0,0,0
1247819,0,0,1,-0.229855583,0,0,1,0
1248444,0,0,1,-3.568614107,0,0,0,0
1249069,0,0,1,-0.622650704,1,0,0,0
1249694,0,0,1,-0.033458023,0,0,1,0
1250319,0,0,1,-0.131656803,1,0,0,0
1250944,0,0,1,-3.568614107,0,0,0,0
1251569,0,1,1,-3.568614107,0,0,0,0
1252194,0,0,1,-0.377153753,0,1,0,0
1252819,0,1,0,-0.868147654,0,0,1,0
1253444,0,1,1,-3.568614107,0,0,0,0
1254069,0,1,1,0.113840147,0,1,0,0
1254694,0,1,1,-0.082557413,1,0,0,0
1255319,0,1,1,-0.377153753,0,0,0,1
1255944,0,1,1,-0.917247044,1,0,0,0
1256569,0,0,1,-3.568614107,0,0,0,0
1257194,0,0,1,-0.819048264,0,1,0,0
1257819,0,0,1,-3.568614107,0,0,0,0
1258444,0,0,1,-3.568614107,0,0,0,0
1259069,0,0,1,-0.819048264,1,0,0,0
1259694,0,1,1,0.162939537,0,1,0,0
1260319,0,0,1,-0.229855583,0,0,1,0
1260944,0,1,1,-3.568614107,0,0,0,0
1261569,0,0,1,-3.568614107,0,0,0,0
1262194,0,1,1,-0.622650704,0,1,0,0
1262819,0,1,1,-3.568614107,0,0,0,0
1263444,0,1,1,-3.568614107,0,0,0,0
1264069,0,1,1,-0.328054363,0,1,0,0
1264694,0,1,1,-3.568614107,0,0,0,0
1265319,0,1,1,-3.568614107,0,0,0,0
1265944,0,0,1,-3.568614107,0,0,0,0
1266569,0,0,0,-1.751936675,0,0,1,0
1267194,0,1,1,-0.033458023,0,0,1,0
1267819,0,0,1,-3.568614107,0,0,0,0
1268444,0,0,1,-3.568614107,0,0,0,0
1269069,0,1,1,-3.568614107,0,0,0,0
1269694,0,1,1,-0.033458023,0,1,0,0
1270319,0,1,1,-1.653737895,0,1,1,0
1270944,0,1,1,-3.568614107,0,0,0,0
1271569,0,1,1,-3.568614107,0,0,0,0
1272194,0,1,1,-3.568614107,0,0,0,0
1272819,0,0,1,-3.568614107,0,0,0,0
1273444,0,1,1,0.703032828,0,0,1,0
1274069,0,1,1,-3.568614107,0,0,0,0
1274694,0,0,1,0.015641367,1,0,0,0
1275319,0,1,1,-0.131656803,0,1,0,0
1275944,0,1,1,-3.568614107,0,0,0,0
1276569,0,0,1,-3.568614107,0,0,0,0
1277194,0,1,1,0.064740757,0,1,0,0
1277819,0,0,1,-0.622650704,0,1,0,0
1278444,0,0,1,0.408436487,0,0,0,1
1279069,0,1,1,0.064740757,0,1,0,0
1279694,0,1,0,-2.341129355,0,0,1,0
1280319,0,0,1,0.162939537,0,1,0,0
1280944,0,1,1,-0.278954973,1,0,0,0
1281569,0,0,1,0.408436487,0,0,1,0
1282194,0,0,1,-3.568614107,0,0,0,0
1282819,0,1,1,-1.801036065,0,1,1,0
1283444,0,0,1,-3.568614107,0,0,0,0
1284069,0,1,1,-3.568614107,0,0,0,0
1284694,0,1,1,-3.568614107,0,0,0,0
1285319,0,1,1,-3.568614107,0,0,0,0
1285944,0,1,1,-0.033458023,1,0,0,0
1286569,0,1,1,-3.568614107,0,0,0,0
1287194,0,1,1,-2.341129355,1,0,0,0
1287819,0,1,1,0.162939537,1,0,0,0
1288444,0,0,1,-3.568614107,0,0,0,0
1289069,0,1,1,-3.568614107,0,0,0,0
1289694,0,1,1,-3.568614107,0,0,0,0
1290319,0,1,1,-0.426253144,0,0,1,0
1290944,0,0,1,-3.568614107,0,0,0,0
1291569,0,1,1,-0.671750094,1,0,0,0
1292194,0,1,1,-3.568614107,0,0,0,0
1292819,0,1,1,-0.131656803,1,0,0,0
1293444,0,0,0,-1.555539115,0,0,1,0
1294069,0,1,1,-0.328054363,0,1,0,0
1294694,0,1,1,-0.720849484,1,0,0,0
1295319,0,1,1,-3.568614107,0,0,0,0
1295944,0,1,1,0.113840147,1,0,0,0
1296569,0,0,1,-0.229855583,0,0,1,0
1297194,0,0,1,-3.568614107,0,0,0,0
1297819,0,0,1,-0.622650704,1,0,0,0
1298444,0,0,1,-0.033458023,0,0,1,0
1299069,0,0,1,-0.131656803,1,0,0,0
1299694,0,0,1,-3.568614107,0,0,0,0
1300319,0,1,1,-3.568614107,0,0,0,0
1300944,0,0,1,-0.377153753,0,1,0,0
1301569,0,1,0,-0.868147654,0,0,1,0
1302194,0,1,1,-3.568614107,0,0,0,0
1302819,0,1,1,0.113840147,0,1,0,0
1303444,0,1,1,-0.082557413,1,0,0,0
1304069,0,1,1,-0.377153753,0,0,0,1
1304694,0,1,1,-0.917247044,1,0,0,0
1305319,0,0,1,-3.568614107,0,0,0,0
1305944,0,0,1,-0.819048264,0,1,0,0
1306569,0,0,1,-3.568614107,0,0,0,0
1307194,0,0,1,-3.568614107,0,0,0,0
1307819,0,0,1,-0.819048264,1,0,0,0
1308444,0,1,1,0.162939537,0,1,0,0
1309069,0,0,1,-0.229855583,0,0,1,0
1309694,0,1,1,-3.568614107,0,0,0,0
1310319,0,0,1,-3.568614107,0,0,0,0
1310944,0,1,1,-0.622650704,0,1,0,0
1311569,0,1,1,-3.568614107,0,0,0,0
1312194,0,1,1,-3.568614107,0,0,0,0
1312819,0,1,1,-0.328054363,0,1,0,0
1313444,0,1,1,-3.568614107,0,0,0,0
1314069,0,1,1,-3.568614107,0,0,0,0
1314694,0,0,1,-3.568614107,0,0,0,0
1315319,0,0,0,-1.751936675,0,0,1,0
1315944,0,1,1,-0.033458023,0,0,1,0
1316569,0,0,1,-3.568614107,0,0,0,0
1317194,0,0,1,-3.568614107,0,0,0,0
1317819,0,1,1,-3.568614107,0,0,0,0
1318444,0,1,1,-0.033458023,0,1,0,0
1319069,0,1,1,-1.653737895,0,1,1,0
1319694,0,1,1,-3.568614107,0,0,0,0
1320319,0,1,1,-3.568614107,0,0,0,0
1320944,0,1,1,-3.568614107,0,0,0,0
1321569,0,0,1,-3.568614107,0,0,0,0
1322194,0,1,1,0.703032828,0,0,1,0
1322819,0,1,1,-3.568614107,0,0,0,0
1323444,0,0,1,0.015641367,1,0,0,0
1324069,0,1,1,-0.131656803,0,1,0,0
1324694,0,1,1,-3.568614107,0,0,0,0
1325319,0,0,1,-3.568614107,0,0,0,0
1325944,0,1,1,0.064740757,0,1,0,0
1326569,0,0,1,-0.622650704,0,1,0,0
1327194,0,0,1,0.408436487,0,0,0,1
1327819,0,1,1,0.064740757,0,1,0,0
1328444,0,1,0,-2.341129355,0,0,1,0
1329069,0,0,1,0.162939537,0,1,0,0
1329694,0,1,1,-0.278954973,1,0,0,0
1330319,0,0,1,0.408436487,0,0,1,0
1330944,0,0,1,-3.568614107,0,0,0,0
1331569,0,1,1,-1.801036065,0,1,1,0
1332194,0,0,1,-3.568614107,0,0,0,0
1332819,0,1,1,-3.568614107,0,0,0,0
1333444,0,1,1,-3.568614107,0,0,0,0
1334069,0,1,1,-3.568614107,0,0,0,0
1334694,0,1,1,-0.033458023,1,0,0,0
1335319,0,1,1,-3.568614107,0,0,0,0
1335944,0,1,1,-2.341129355,1,0,0,0
1336569,0,1,1,0.162939537,1,0,0,0
1337194,0,0,1,-3.568614107,0,0,0,0
1337819,0,1,1,-3.568614107,0,0,0,0
1338444,0,1,1,-3.568614107,0,0,0,0
1339069,0,1,1,-0.426253144,0,0,1,0
1339694,0,0,1,-3.568614107,0,0,0,0
1340319,0,1,1,-0.671750094,1,0,0,0
1340944,0,1,1,-3.568614107,0,0,0,0
1341569,0,1,1,-0.131656803,1,0,0,0
1342194,0,0,0,-1.555539115,0,0,1,0
1342819,0,1,1,-0.328054363,0,1,0,0
1343444,0,1,1,-0.720849484,1,0,0,0
1344069,0,1,1,-3.568614107,0,0,0,0
1344694,0,1,1,0.113840147,1,0,0,0
1345319,0,0,1,-0.229855583,0,0,1,0
1345944,0,0,1,-3.568614107,0,0,0,0
1346569,0,0,1,-0.622650704,1,0,0,0
1347194,0,0,1,-0.033458023,0,0,1,0
1347819,0,0,1,-0.131656803,1,0,0,0
1348444,0,0,1,-3.568614107,0,0,0,0
1349069,0,1,1,-3.568614107,0,0,0,0
1349694,0,0,1,-0.377153753,0,1,0,0
1350319,0,1,0,-0.868147654,0,0,1,0
1350944,0,1,1,-3.568614107,0,0,0,0
1351569,0,1,1,0.113840147,0,1,0,0
1352194,0,1,1,-0.082557413,1,0,0,0
1352819,0,1,1,-0.377153753,0,0,0,1
1353444,0,1,1,-0.917247044,1,0,0,0
1354069,0,0,1,-3.568614107,0,0,0,0
1354694,0,0,1,-0.819048264,0,1,0,0
1355319,0,0,1,-3.568614107,0,0,0,0
1355944,0,0,1,-3.568614107,0,0,0,0
1356569,0,0,1,-0.819048264,1,0,0,0
1357194,0,1,1,0.162939537,0,1,0,0
1357819,0,0,1,-0.229855583,0,0,1,0
1358444,0,1,1,-3.568614107,0,0,0,0
1359069,0,0,1,-3.568614107,0,0,0,0
1359694,0,1,1,-0.622650704,0,1,0,0
1360319,0,1,1,-3.568614107,0,0,0,0
1360944,0,1,1,-3.568614107,0,0,0,0
1361569,0,1,1,-0.328054363,0,1,0,0
1362194,0,1,1,-3.568614107,0,0,0,0
1362819,0,1,1,-3.568614107,0,0,0,0
1363444,0,0,1,-3.568614107,0,0,0,0
1364069,0,0,0,-1.751936675,0,0,1,0
1364694,0,1,1,-0.033458023,0,0,1,0
1365319,0,0,1,-3.568614107,0,0,0,0
1365944,0,0,1,-3.568614107,0,0,0,0
1366569,0,1,1,-3.568614107,0,0,0,0
1367194,0,1,1,-0.033458023,0,1,0,0
1367819,0,1,1,-1.653737895,0,1,1,0
1368444,0,1,1,-3.568614107,0,0,0,0
1369069,0,1,1,-3.568614107,0,0,0,0
1369694,0,1,1,-3.568614107,0,0,0,0
1370319,0,0,1,-3.568614107,0,0,0,0
1370944,0,1,1,0.703032828,0,0,1,0
1371569,0,1,1,-3.568614107,0,0,0,0
1372194,0,0,1,0.015641367,1,0,0,0
1372819,0,1,1,-0.131656803,0,1,0,0
1373444,0,1,1,-3.568614107,0,0,0,0
1374069,0,0,1,-3.568614107,0,0,0,0
1374694,0,1,1,0.064740757,0,1,0,0
1375319,0,0,1,-0.622650704,0,1,0,0
1375944,0,0,1,0.408436487,0,0,0,1
1376569,0,1,1,0.064740757,0,1,0,0
1377194,0,1,0,-2.341129355,0,0,1,0
1377819,0,0,1,0.162939537,0,1,0,0
1378444,0,1,1,-0.278954973,1,0,0,0
1379069,0,0,1,0.408436487,0,0,1,0
1379694,0,0,1,-3.568614107,0,0,0,0
1380319,0,1,1,-1.801036065,0,1,1,0
1380944,0,0,1,-3.568614107,0,0,0,0
1381569,0,1,1,-3.568614107,0,0,0,0
1382194,0,1,1,-3.568614107,0,0,0,0
1382819,0,1,1,-3.568614107,0,0,0,0
1383444,0,1,1,-0.033458023,1,0,0,0
1384069,0,1,1,-3.568614107,0,0,0,0
1384694,0,1,1,-2.341129355,1,0,0,0
1385319,0,1,1,0.162939537,1,0,0,0
1385944,0,0,1,-3.568614107,0,0,0,0
1386569,0,1,1,-3.568614107,0,0,0,0
1387194,0,1,1,-3.568614107,0,0,0,0
1387819,0,1,1,-0.426253144,0,0,1,0
1388444,0,0,1,-3.568614107,0,0,0,0
1389069,0,1,1,-0.671750094,1,0,0,0
1389694,0,1,1,-3.568614107,0,0,0,0
1390319,0,1,1,-0.131656803,1,0,0,0
1390944,0,0,0,-1.555539115,0,0,1,0
1391569,0,1,1,-0.328054363,0,1,0,0
1392194,0,1,1,-0.720849484,1,0,0,0
1392819,0,1,1,-3.568614107,0,0,0,0
1393444,0,1,1,0.113840147,1,0,0,0
1394069,0,0,1,-0.229855583,0,0,1,0
1394694,0,0,1,-3.568614107,0,0,0,0
1395319,0,0,1,-0.622650704,1,0,0,0
1395944,0,0,1,-0.033458023,0,0,1,0
1396569,0,0,1,-0.131656803,1,0,0,0
1397194,0,0,1,-3.568614107,0,0,0,0
1397819,0,1,1,-3.568614107,0,0,0,0
1398444,0,0,1,-0.377153753,0,1,0,0
1399069,0,1,0,-0.868147654,0,0,1,0
1399694,0,1,1,-3.568614107,0,0,0,0
1400319,0,1,1,0.113840147,0,1,0,0
1400944,0,1,1,-0.082557413,1,0,0,0
1401569,0,1,1,-0.377153753,0,0,0,1
1402194,0,1,1,-0.917247044,1,0,0,0
1402819,0,0,1,-3.568614107,0,0,0,0
1403444,0,0,1,-0.819048264,0,1,0,0
1404069,0,0,1,-3.568614107,0,0,0,0
1404694,0,0,1,-3.568614107,0,0,0,0
1405319,0,0,1,-0.819048264,1,0,0,0
1405944,0,1,1,0.162939537,0,1,0,0
1406569,0,0,1,-0.229855583,0,0,1,0
1407194,0,1,1,-3.568614107,0,0,0,0
1407819,0,0,1,-3.568614107,0,0,0,0
1408444,0,1,1,-0.622650704,0,1,0,0
1409069,0,1,1,-3.568614107,0,0,0,0
1409694,0,1,1,-3.568614107,0,0,0,0
1410319,0,1,1,-0.328054363,0,1,0,0
1410944,0,1,1,-3.568614107,0,0,0,0
1411569,0,1,1,-3.568614107,0,0,0,0
1412194,0,0,1,-3.568614107,0,0,0,0
1412819,0,0,0,-1.751936675,0,0,1,0
1413444,0,1,1,-0.033458023,0,0,1,0
1414069,0,0,1,-3.568614107,0,0,0,0
1414694,0,0,1,-3.568614107,0,0,0,0
1415319,0,1,1,-3.568614107,0,0,0,0
1415944,0,1,1,-0.033458023,0,1,0,0
1416569,0,1,1,-1.653737895,0,1,1,0
1417194,0,1,1,-3.568614107,0,0,0,0
1417819,0,1,1,-3.568614107,0,0,0,0
1418444,0,1,1,-3.568614107,0,0,0,0
1419069,0,0,1,-3.568614107,0,0,0,0
1419694,0,1,1,0.703032828,0,0,1,0
1420319,0,1,1,-3.568614107,0,0,0,0
1420944,0,0,1,0.015641367,1,0,0,0
1421569,0,1,1,-0.131656803,0,1,0,0
1422194,0,1,1,-3.568614107,0,0,0,0
1422819,0,0,1,-3.568614107,0,0,0,0
1423444,0,1,1,0.064740757,0,1,0,0
1424069,0,0,1,-0.622650704,0,1,0,0
1424694,0,0,1,0.408436487,0,0,0,1
1425319,0,1,1,0.064740757,0,1,0,0
1425944,0,1,0,-2.341129355,0,0,1,0
1426569,0,0,1,0.162939537,0,1,0,0
1427194,0,1,1,-0.278954973,1,0,0,0
1427819,0,0,1,0.408436487,0,0,1,0
1428444,0,0,1,-3.568614107,0,0,0,0
1429069,0,1,1,-1.801036065,0,1,1,0
1429694,0,0,1,-3.568614107,0,0,0,0
1430319,0,1,1,-3.568614107,0,0,0,0
1430944,0,1,1,-3.568614107,0,0,0,0
1431569,0,1,1,-3.568614107,0,0,0,0
1432194,0,1,1,-0.033458023,1,0,0,0
1432819,0,1,1,-3.568614107,0,0,0,0
1433444,0,1,1,-2.341129355,1,0,0,0
1434069,0,1,1,0.162939537,1,0,0,0
1434694,0,0,1,-3.568614107,0,0,0,0
1435319,0,1,1,-3.568614107,0,0,0,0
1435944,0,1,1,-3.568614107,0,0,0,0
1436569,0,1,1,-0.426253144,0,0,1,0
1437194,0,0,1,-3.568614107,0,0,0,0
1437819,0,1,1,-0.671750094,1,0,0,0
1438444,0,1,1,-3.568614107,0,0,0,0
1439069,0,1,1,-0.131656803,1,0,0,0
1439694,0,0,0,-1.555539115,0,0,1,0
1440319,0,1,1,-0.328054363,0,1,0,0
1440944,0,1,1,-0.720849484,1,0,0,0
1441569,0,1,1,-3.568614107,0,0,0,0
1442194,0,1,1,0.113840147,1,0,0,0
1442819,0,0,1,-0.229855583,0,0,1,0
1443444,0,0,1,-3.568614107,0,0,0,0
1444069,0,0,1,-0.622650704,1,0,0,0
1444694,0,0,1,-0.033458023,0,0,1,0
1445319,0,0,1,-0.131656803,1,0,0,0
1445944,0,0,1,-3.568614107,0,0,0,0
1446569,0,1,1,-3.568614107,0,0,0,0
1447194,0,0,1,-0.377153753,0,1,0,0
1447819,0,1,0,-0.868147654,0,0,1,0
1448444,0,1,1,-3.568614107,0,0,0,0
1449069,0,1,1,0.113840147,0,1,0,0
1449694,0,1,1,-0.082557413,1,0,0,0
1450319,0,1,1,-0.377153753,0,0,0,1
1450944,0,1,1,-0.917247044,1,0,0,0
1451569,0,0,1,-3.568614107,0,0,0,0
1452194,0,0,1,-0.819048264,0,1,0,0
1452819,0,0,1,-3.568614107,0,0,0,0
1453444,0,0,1,-3.568614107,0,0,0,0
1454069,0,0,1,-0.819048264,1,0,0,0
1454694,0,1,1,0.162939537,0,1,0,0
1455319,0,0,1,-0.229855583,0,0,1,0
1455944,0,1,1,-3.568614107,0,0,0,0
1456569,0,0,1,-3.568614107,0,0,0,0
1457194,0,1,1,-0.622650704,0,1,0,0
1457819,0,1,1,-3.568614107,0,0,0,0
1458444,0,1,1,-3.568614107,0,0,0,0
1459069,0,1,1,-0.328054363,0,1,0,0
1459694,0,1,1,-3.568614107,0,0,0,0
1460319,0,1,1,-3.568614107,0,0,0,0
1460944,0,0,1,-3.568614107,0,0,0,0
1461569,0,0,0,-1.751936675,0,0,1,0
1462194,0,1,1,-0.033458023,0,0,1,0
1462819,0,0,1,-3.568614107,0,0,0,0
1463444,0,0,1,-3.568614107,0,0,0,0
1464069,0,1,1,-3.568614107,0,0,0,0
1464694,0,1,1,-0.033458023,0,1,0,0
1465319,0,1,1,-1.653737895,0,1,1,0
1465944,0,1,1,-3.568614107,0,0,0,0
1466569,0,1,1,-3.568614107,0,0,0,0
1467194,0,1,1,-3.568614107,0,0,0,0
1467819,0,0,1,-3.568614107,0,0,0,0
1468444,0,1,1,0.703032828,0,0,1,0
1469069,0,1,1,-3.568614107,0,0,0,0
1469694,0,0,1,0.015641367,1,0,0,0
1470319,0,1,1,-0.131656803,0,1,0,0
1470944,0,1,1,-3.568614107,0,0,0,0
1471569,0,0,1,-3.568614107,0,0,0,0
1472194,0,1,1,0.064740757,0,1,0,0
1472819,0,0,1,-0.622650704,0,1,0,0
1473444,0,0,1,0.408436487,0,0,0,1
1474069,0,1,1,0.064740757,0,1,0,0
1474694,0,1,0,-2.341129355,0,0,1,0
1475319,0,0,1,0.162939537,0,1,0,0
1475944,0,1,1,-0.278954973,1,0,0,0
1476569,0,0,1,0.408436487,0,0,1,0
1477194,0,0,1,-3.568614107,0,0,0,0
1477819,0,1,1,-1.801036065,0,1,1,0
1478444,0,0,1,-3.568614107,0,0,0,0
1479069,0,1,1,-3.568614107,0,0,0,0
1479694,0,1,1,-3.568614107,0,0,0,0
1480319,0,1,1,-3.568614107,0,0,0,0
1480944,0,1,1,-0.033458023,1,0,0,0
1481569,0,1,1,-3.568614107,0,0,0,0
1482194,0,1,1,-2.341129355,1,0,0,0
1482819,0,1,1,0.162939537,1,0,0,0
1483444,0,0,1,-3.568614107,0,0,0,0
1484069,0,1,1,-3.568614107,0,0,0,0
1484694,0,1,1,-3.568614107,0,0,0,0
1485319,0,1,1,-0.426253144,0,0,1,0
1485944,0,0,1,-3.568614107,0,0,0,0
1486569,0,1,1,-0.671750094,1,0,0,0
1487194,0,1,1,-3.568614107,0,0,0,0
